{"cameraMode":{"drawMode":0,"name":"Shaded","section":"Shading Mode"},"sceneLighting":false,"audioPlay":false,"sceneViewState":{"showFog":true,"showMaterialUpdate":true,"showSkybox":true,"showFlares":true,"showImageEffects":true,"showParticleSystems":true},"in2DMode":false,"pivot":{"x":-1.3086891174316407,"y":5.552177429199219,"z":-11.162975311279297},"rotation":{"x":0.005163554102182388,"y":0.8439586758613586,"z":0.008798126131296158,"w":-0.5366665720939636},"size":14.19716739654541,"orthographic":false}