{"cameraMode":{"drawMode":0,"name":"Shaded","section":"Shading Mode"},"sceneLighting":false,"audioPlay":false,"sceneViewState":{"showFog":true,"showMaterialUpdate":true,"showSkybox":false,"showFlares":true,"showImageEffects":true,"showParticleSystems":true},"in2DMode":false,"pivot":{"x":-5.213701248168945,"y":6.317234992980957,"z":-3.8925247192382814},"rotation":{"x":-0.08862129598855972,"y":-0.36908936500549319,"z":-0.03576517105102539,"w":0.9246711134910584},"size":10.0,"orthographic":false}